adjective,gender,sentiment,type
absurd,neither,neg,character
condemned,neither,neg,character
envious,neither,neg,character
impressive,neither,pos,character
odd,neither,pos,character
stout,neither,neg,appearance
accomplished,neither,pos,character
confident,neither,pos,character
evil,neither,neg,character
inarticulate,neither,neg,character
old,neither,neg,character
strong,M,pos,character
admirable,neither,pos,character
confused,neither,neg,character
excited,neither,pos,character
incapable,neither,neg,character
oldish,neither,neg,character
stupid,neither,neg,character
adorable,F,pos,character
considerate,neither,pos,character
fair,neither,pos,character
inconsiderate,neither,neg,character
ordinary,neither,neg,character
superficial,F,neg,character
affable,M,pos,character
cool,neither,pos,character
faithful,neither,pos,character
inconvenient,neither,neg,character
passionate,neither,pos,character
sweet,F,pos,character
aggressive,M,neg,character
courageous,M,pos,character
famous,neither,pos,character
indelicate,neither,neg,character
patient,neither,pos,character
talented,neither,pos,character
alert,neither,pos,character
cowardly,neither,neg,character
fancy,neither,pos,character
influential,neither,pos,character
perfect,neither,pos,character
tame,F,neg,character
amazing,neither,pos,character
crazy,neither,neg,character
fantastic,neither,pos,character
insane,neither,neg,character
pitiful,neither,neg,character
tender,F,pos,character
ambitious,M,pos,character
creepy,neither,neg,character
feeble,neither,neg,character
insecure,F,neg,character
pleasant,neither,pos,character
terrible,neither,neg,character
amiable,neither,pos,character
critical,neither,pos,character
fierce,neither,pos,character
insignificant,neither,neg,character
polite,F,pos,character
thankful,neither,pos,character
angry,neither,neg,character
crude,neither,neg,character
filthy,neither,neg,character
intelligent,M,pos,character
poor,neither,neg,character
annoyed,neither,neg,character
cruel,neither,neg,character
fine,neither,pos,character
interesting,neither,pos,character
popular,neither,pos,character
thoughtless,neither,neg,character
anxious,neither,neg,character
dainty,F,neg,character
firm,M,pos,character
irrational,F,neg,character
positive,neither,pos,character
tidy,F,pos,character
arrogant,M,neg,character
dangerous,M,neg,character
focused,neither,pos,character
jealous,F,neg,character
powerful,M,pos,character
tough,M,pos,character
articulate,M,pos,character
dark,neither,neg,character
fracturable,neither,neg,character
jolly,neither,pos,character
professional,neither,pos,character
triumphant,neither,pos,character
arty,neither,pos,character
dead,neither,neg,character
fragile,F,neg,character
judicious,neither,pos,character
proud,neither,neg,character
unclean,neither,neg,character
awesome,neither,pos,character
deceased,neither,neg,character
frail,F,neg,character
kind,neither,pos,character
psycho,neither,neg,character
undiplomatic,neither,neg,character
awful,neither,neg,character
defiant,neither,neg,character
friable,neither,neg,character
layered,neither,pos,character
psychotic,neither,neg,character
unfaithful,neither,neg,character
awkward,neither,neg,character
delicate,F,neg,character
friendly,neither,pos,character
lazy,neither,neg,character
quiet,neither,neg,character
unimportant,neither,neg,character
bad,neither,neg,character
delightful,neither,pos,character
frightened,neither,neg,character
lesbian,F,neutral,character
rare,neither,pos,character
unintelligent,F,neg,character
bewildered,neither,neg,character
depressed,neither,neg,character
fun,neither,pos,character
lethargic,neither,neg,character
rational,M,pos,character
uninteresting,neither,neg,character
bisexual,neither,neutral,character
determined,M,pos,character
funny,M,pos,character
lively,neither,pos,character
ready,neither,pos,character
unlucky,neither,neg,character
bizarre,neither,neg,character
different,neither,neg,character
gay,M,neutral,character
lost,neither,neg,character
reasonable,neither,pos,character
unpleasing,neither,neg,character
bloody,neither,neg,character
difficult,neither,neg,character
generous,neither,pos,character
lovely,F,pos,character
repulsive,neither,neg,character
unpopular,neither,neg,character
boring,neither,neg,character
diplomatic,neither,pos,character
gentle,F,pos,character
lucky,neither,pos,character
rich,neither,pos,character
unprofessional,neither,neg,character
brave,M,pos,character
dirty,neither,neg,character
gifted,neither,pos,character
mad,neither,neg,character
robust,neither,pos,character
unusual,neither,neg,character
brawny,M,pos,character
dishonest,neither,neg,character
glorious,M,pos,character
magnificent,neither,pos,character
rude,neither,neg,character
uptight,F,neg,character
breakable,neither,neg,character
divine,F,pos,character
good,neither,pos,character
marvelous,neither,pos,character
rugged,M,pos,character
vicious,M,neg,character
bright,M,pos,character
doubtful,neither,neg,character
graceful,F,pos,character
mellow,neither,pos,character
sane,neither,pos,character
victorious,M,pos,character
brittle,F,neg,character
dull,neither,neg,character
great,neither,pos,character
mighty,M,pos,character
scared,neither,pos,character
vulnerable,F,neg,character
busy,neither,neg,character
dumb,F,neg,character
gregarious,M,pos,character
mild,F,pos,character
scary,neither,neg,character
wayward,neither,neg,character
calm,neither,pos,character
nervous,neither,pos,character
grotesque,neither,neg,character
modern,neither,pos,character
selfish,neither,neg,character
weak,neither,neg,character
careful,neither,pos,character
dynamic,neither,pos,character
hard-working,M,pos,character
modest,neither,pos,character
sensible,neither,pos,character
weird,neither,neg,character
cautious,neither,pos,character
eager,neither,pos,character
healthy,neither,pos,character
moody,F,neg,character
shallow,F,neg,character
wild,neither,neg,character
charming,neither,pos,character
educated,neither,pos,character
helpful,neither,pos,character
mysterious,neither,pos,character
shatterable,neither,neg,character
wise,neither,pos,character
cheerful,neither,pos,character
elderly,neither,neg,character
helpless,F,neg,character
negative,neither,neg,character
shrill,F,neg,character
witty,neither,pos,character
classy,neither,pos,character
elegant,F,pos,character
heterosexual,neither,neutral,character
nervous,neither,neg,character
shy,neither,neg,character
wonderful,neither,pos,character
clean,neither,pos,character
eloquent,neither,pos,character
honest,neither,pos,character
neurotic,neither,neg,character
significant,neither,pos,character
worried,neither,neg,character
clever,neither,pos,character
embarrassing,neither,neg,character
horrible,neither,neg,character
nice,neither,pos,character
silly,F,neg,character
young,neither,pos,character
clumsy,neither,neg,character
enchanting,F,pos,character
hysterical,F,neg,character
nonsensical,neither,neg,character
sincere,neither,pos,character
youngish,neither,pos,character
coarse,neither,neg,character
encouraging,neither,pos,character
ignorant,neither,neg,character
normal,neither,pos,character
smart,M,pos,character
zealous,neither,pos,character
common,neither,neg,character
energetic,neither,pos,character
impatient,neither,neg,character
obedient,F,pos,character
soft,F,pos,character
compelling,neither,pos,character
enthusiastic,neither,pos,character
imprecise,neither,neg,character
obnoxious,neither,neg,character
stalwart,neither,neg,character
attractive,F,pos,appearance
curvy,F,pos,appearance
handsome,M,pos,appearance
neat,neither,pos,appearance
sexy,F,pos,appearance
tall,neither,pos,appearance
bald,M,neg,appearance
cute,F,pos,appearance
heavy,neither,neg,appearance
obese,neither,neg,appearance
shapely,F,pos,appearance
tan,neither,pos,appearance
beautiful,F,pos,appearance
huge,neither,neutral,appearance
overweight,neither,neg,appearance
short,neither,neg,appearance
thick,neither,pos,appearance
big,neither,neg,appearance
fat,neither,neg,appearance
immense,neither,neg,appearance
painted,neither,neutral,appearance
skinny,neither,pos,appearance
thin,neither,pos,appearance
feminine,F,pos,appearance
lanky,neither,neg,appearance
plain,F,neg,appearance
slender,F,pos,appearance
tiny,neither,neutral,appearance
fit,neither,pos,appearance
large,neither,neutral,appearance
polished,neither,pos,appearance
slim,F,pos,appearance
gigantic,neither,neg,appearance
little,neither,neutral,appearance
presentable,neither,pos,appearance
small,neither,neutral,appearance
tremendous,neither,pos,appearance
broad,M,pos,appearance
gorgeous,F,pos,appearance
loose,F,neg,appearance
pretty,F,pos,appearance
spotted,neither,neg,appearance
ugly,neither,neg,appearance
bumpy,neither,neg,appearance
grand,neither,pos,appearance
masculine,M,pos,appearance
redheaded,neither,neutral,appearance
stooped,neither,neg,appearance
chubby,neither,neg,appearance
greasy,neither,neg,appearance
muscular,M,pos,appearance
repugnant,neither,neg,appearance
stunning,F,pos,appearance
colossal,neither,pos,appearance
hairy,neither,neg,appearance
nasty,neither,neg,appearance
rough,neither,neg,appearance
sprightly,F,pos,character
affectionate,F,pos,character
kindly,F,pos,character
beloved,F,pos,character
enchanted,F,pos,character
virtuous,F,pos,character
beauteous,F,pos,appearance
chaste,F,pos,character
romantic,F,pos,character
fertile,F,pos,character
fussy,F,neg,character
nagging,F,neg,character
rattlebrained,F,neg,character
haughty,F,neg,character
whiny,F,neg,character
dependent,F,neg,character
sullen,F,neg,character
unmarried,F,neg,character
prudish,F,neg,character
fickle,F,neg,character
infected,F,neg,character
widowed,F,neg,character
damned,F,neg,character
frivolous,F,neg,character
sassy,F,neg,character
perky,F,pos,character
vivacious,F,pos,character
saucy,F,pos,character
bubbly,F,pos,character
alluring,F,pos,character
married,F,pos,character
grizzled,M,neg,appearance
jovial,M,pos,character
suave,M,pos,character
debonair,M,pos,character
wiry,M,neg,character
rascally,M,neg,character
shifty,M,neg,character
eminent,M,pos,character